OwnerTag,CountryName,infra,*UnadjustedBuildingslots,MIC,NIC,CIC
AFG,Afghanistan,2,2,0,0,0
AFG,Afghanistan,2,4,1,0,2
ALB,Albania,3,4,1,0,2
ALB,Albania,2,1,0,0,0
ARG,Argentina,3,4,0,0,1
ARG,Argentina,3,2,0,0,1
ARG,Argentina,5,5,1,0,4
ARG,Argentina,6,8,2,1,5
ARG,Argentina,3,2,0,0,0
ARG,Argentina,3,2,0,0,1
AST,Australia,2,2,0,0,0
AST,Australia,1,0,0,0,0
AST,Australia,6,8,2,2,4
AST,Australia,3,0,0,0,0
AST,Australia,2,2,0,0,0
AST,Australia,5,4,0,0,1
AST,Australia,2,1,0,0,0
AST,Australia,2,1,0,0,0
AST,Australia,5,1,0,0,0
AST,Australia,6,8,2,0,5
AST,Australia,5,2,0,0,1
AUS,Austria,7,8,3,0,5
AUS,Austria,5,4,0,0,1
AUS,Austria,6,6,0,0,3
BEL,Belgium,2,1,0,0,0
BEL,Belgium,1,0,0,0,0
BEL,Belgium,3,2,0,0,1
BEL,Belgium,2,1,0,0,0
BEL,Belgium,2,1,0,0,0
BEL,Belgium,9,10,5,0,7
BEL,Belgium,6,8,1,0,4
BHU,Bhutan,1,4,1,0,2
BOL,Bolivia,3,6,1,0,5
BOL,Bolivia,1,1,0,0,1
BRA,Brazil,0,1,0,0,0
BRA,Brazil,3,5,0,0,2
BRA,Brazil,2,2,0,0,0
BRA,Brazil,2,2,0,0,0
BRA,Brazil,3,2,0,0,1
BRA,Brazil,1,1,0,0,0
BRA,Brazil,3,4,0,0,2
BRA,Brazil,5,6,0,0,6
BRA,Brazil,5,4,0,0,0
BRA,Brazil,6,8,2,2,4
BRA,Brazil,5,2,0,0,0
BRA,Brazil,5,6,1,0,3
BUL,Bulgaria,4,4,0,0,2
BUL,Bulgaria,4,2,0,0,1
BUL,Bulgaria,4,5,3,0,2
BUL,Bulgaria,5,6,0,0,6
CAN,DominionofCanada,5,2,0,0,1
CAN,DominionofCanada,5,4,1,1,1
CAN,DominionofCanada,1,1,0,0,0
CAN,DominionofCanada,4,2,0,0,1
CAN,DominionofCanada,5,2,0,0,2
CAN,DominionofCanada,1,0,0,0,0
CAN,DominionofCanada,1,0,0,0,0
CAN,DominionofCanada,5,2,0,0,1
CAN,DominionofCanada,1,0,0,0,0
CAN,DominionofCanada,5,2,0,0,1
CAN,DominionofCanada,1,2,0,0,0
CAN,DominionofCanada,6,6,2,0,1
CAN,DominionofCanada,4,2,0,0,1
CAN,DominionofCanada,7,8,2,0,4
CAN,DominionofCanada,2,2,0,0,0
CHL,Chile,3,2,0,0,2
CHL,Chile,1,1,0,0,0
CHL,Chile,5,8,1,0,7
CHI,China,4,4,0,0,1
CHI,China,5,8,0,0,2
CHI,China,4,4,1,0,2
CHI,China,3,6,0,0,1
CHI,China,1,1,0,0,0
CHI,China,2,4,2,0,1
CHI,China,4,4,0,0,0
CHI,China,5,4,0,0,2
CHI,China,4,4,0,0,0
CHI,China,3,6,3,0,2
CHI,China,5,4,2,0,2
CHI,China,3,4,0,0,0
CHI,China,3,4,0,0,2
CHI,China,1,1,0,0,0
CHI,China,5,5,0,0,1
CHI,China,3,4,0,0,1
CHI,China,5,8,0,1,1
CHI,China,4,6,3,0,2
CHI,China,3,4,0,0,0
CHI,China,1,0,0,0,0
CHI,China,4,6,0,0,0
CHI,China,2,1,0,0,0
COL,Colombia,3,6,1,0,5
COL,Colombia,3,4,0,0,2
COL,Colombia,1,1,0,0,0
PRC,CommunistChina,2,6,3,0,3
COS,CostaRica,4,4,1,0,2
CUB,Cuba,4,4,1,0,3
CZE,Czechoslovakia,7,8,6,0,1
CZE,Czechoslovakia,5,2,0,0,0
CZE,Czechoslovakia,4,2,0,0,2
CZE,Czechoslovakia,7,2,1,0,0
CZE,Czechoslovakia,7,6,0,0,4
CZE,Czechoslovakia,6,4,0,0,3
CZE,Czechoslovakia,8,4,0,0,2
CZE,Czechoslovakia,5,6,2,0,3
CZE,Czechoslovakia,6,2,0,0,1
DEN,Denmark,4,1,0,0,0
DEN,Denmark,1,0,0,0,0
DEN,Denmark,2,2,0,0,0
DEN,Denmark,8,4,0,0,3
DEN,Denmark,8,8,2,2,4
DOM,DominicanRepublic,4,4,1,0,3
ECU,Ecuador,3,6,1,0,4
ECU,Ecuador,2,0,0,0,0
ELS,ElSalvador,4,4,1,0,2
EST,Estonia,5,4,1,0,3
EST,Estonia,5,2,0,0,0
ETH,Ethiopia,3,4,2,0,2
FIN,Finland,5,4,0,0,2
FIN,Finland,2,2,0,0,0
FIN,Finland,3,0,0,0,0
FIN,Finland,4,4,0,0,2
FIN,Finland,3,0,0,0,0
FIN,Finland,4,4,0,0,1
FIN,Finland,6,6,3,1,2
FIN,Finland,5,1,0,0,0
FRA,France,3,4,0,0,0
FRA,France,0,0,0,0,0
FRA,France,4,4,0,0,0
FRA,France,4,4,0,0,0
FRA,France,7,6,0,0,3
FRA,France,6,6,1,1,0
FRA,France,5,4,0,0,1
FRA,France,0,0,0,0,0
FRA,France,7,6,0,0,2
FRA,France,6,6,0,5,0
FRA,France,1,4,0,0,0
FRA,France,3,2,0,0,1
FRA,France,3,2,0,0,1
FRA,France,7,5,0,0,2
FRA,France,6,4,0,0,0
FRA,France,2,1,0,0,0
FRA,France,7,6,0,0,1
FRA,France,3,1,0,0,0
FRA,France,4,4,0,0,0
FRA,France,4,4,0,0,1
FRA,France,3,1,0,0,0
FRA,France,3,2,0,0,0
FRA,France,2,0,0,0,0
FRA,France,2,1,0,0,0
FRA,France,7,6,0,0,1
FRA,France,4,2,0,0,0
FRA,France,2,1,0,0,0
FRA,France,5,0,0,0,0
FRA,France,3,0,0,0,0
FRA,France,3,1,0,0,0
FRA,France,3,1,0,0,0
FRA,France,3,0,0,0,0
FRA,France,3,1,0,0,0
FRA,France,2,0,0,0,0
FRA,France,8,10,4,0,4
FRA,France,3,1,0,0,0
FRA,France,1,0,0,0,0
FRA,France,6,4,0,0,2
FRA,France,2,1,0,0,0
FRA,France,4,4,0,0,1
FRA,France,5,5,0,0,0
FRA,France,7,6,0,1,1
FRA,France,2,2,0,0,0
FRA,France,3,2,0,0,0
FRA,France,1,0,0,0,0
FRA,France,1,1,0,0,0
FRA,France,0,0,0,0,0
FRA,France,3,1,0,0,0
FRA,France,6,6,1,0,1
FRA,France,3,0,0,0,0
FRA,France,3,1,0,0,0
FRA,France,3,1,0,0,0
FRA,France,8,8,0,0,3
FRA,France,7,6,0,0,2
FRA,France,8,4,0,0,1
FRA,France,6,4,0,0,1
FRA,France,6,6,1,3,1
FRA,France,6,4,0,0,0
FRA,France,3,1,0,0,0
FRA,France,7,6,1,0,2
FRA,France,4,4,0,0,0
FRA,France,3,1,0,0,0
FRA,France,3,4,0,0,1
FRA,France,1,1,0,0,0
FRA,France,3,0,0,0,0
FRA,France,3,1,0,0,0
FRA,France,2,0,0,0,0
FRA,France,3,1,0,0,0
FRA,France,0,0,0,0,0
FRA,France,4,4,0,0,1
FRA,France,4,4,0,0,1
FRA,France,3,1,0,0,0
GER,GermanReich,8,12,5,0,4
GER,GermanReich,6,4,0,0,0
GER,GermanReich,7,6,0,0,2
GER,GermanReich,7,8,2,2,1
GER,GermanReich,7,8,1,0,2
GER,GermanReich,6,4,0,0,1
GER,GermanReich,6,6,0,0,2
GER,GermanReich,6,4,3,0,0
GER,GermanReich,7,10,0,0,3
GER,GermanReich,6,6,0,0,0
GER,GermanReich,6,8,0,0,1
GER,GermanReich,7,6,2,0,1
GER,GermanReich,6,6,0,0,0
GER,GermanReich,6,6,0,0,1
GER,GermanReich,8,10,3,0,2
GER,GermanReich,7,10,2,0,7
GER,GermanReich,6,8,2,6,0
GER,GermanReich,6,8,0,0,1
GER,GermanReich,6,4,0,0,0
GER,GermanReich,6,6,0,2,2
GER,GermanReich,8,8,3,0,1
GER,GermanReich,8,8,5,0,1
GXC,GuangxiClique,3,4,0,0,1
GXC,GuangxiClique,3,4,1,0,2
GXC,GuangxiClique,3,6,2,0,2
GXC,GuangxiClique,2,4,0,0,0
GXC,GuangxiClique,3,4,0,0,1
GUA,Guatemala,4,4,1,0,2
HAI,Haiti,4,4,1,0,2
HON,Honduras,4,4,1,0,2
RAJ,BritishRaj,1,0,0,0,0
RAJ,BritishRaj,3,4,0,0,0
RAJ,BritishRaj,2,0,0,0,0
RAJ,BritishRaj,5,2,0,0,0
RAJ,BritishRaj,4,4,0,0,1
RAJ,BritishRaj,4,4,0,0,1
RAJ,BritishRaj,5,6,0,0,1
RAJ,BritishRaj,5,4,0,0,2
RAJ,BritishRaj,4,4,1,0,0
RAJ,BritishRaj,3,4,0,0,1
RAJ,BritishRaj,4,2,0,0,1
RAJ,BritishRaj,4,2,0,0,0
RAJ,BritishRaj,2,2,0,0,0
RAJ,BritishRaj,5,2,0,0,1
RAJ,BritishRaj,4,2,0,0,1
RAJ,BritishRaj,5,2,0,0,1
RAJ,BritishRaj,3,4,0,0,0
RAJ,BritishRaj,4,2,0,0,1
RAJ,BritishRaj,2,2,0,0,0
RAJ,BritishRaj,4,2,1,0,0
RAJ,BritishRaj,3,2,0,0,0
RAJ,BritishRaj,5,4,0,0,0
RAJ,BritishRaj,3,0,0,0,0
RAJ,BritishRaj,3,4,0,0,1
RAJ,BritishRaj,5,2,0,0,1
RAJ,BritishRaj,5,6,0,1,1
INS,DutchEastIndies,1,1,0,0,0
INS,DutchEastIndies,5,6,0,1,1
INS,DutchEastIndies,2,2,0,0,0
INS,DutchEastIndies,3,4,0,0,0
INS,DutchEastIndies,3,4,0,0,0
INS,DutchEastIndies,3,4,0,0,1
INS,DutchEastIndies,3,1,0,0,0
INS,DutchEastIndies,1,1,0,0,0
PER,Iran,2,2,0,0,0
PER,Iran,3,2,0,0,0
PER,Iran,3,2,0,0,0
PER,Iran,2,2,0,0,0
PER,Iran,1,0,0,0,0
PER,Iran,3,2,0,0,2
PER,Iran,5,2,0,0,0
PER,Iran,3,2,0,0,0
PER,Iran,1,0,0,0,0
PER,Iran,1,2,0,0,0
PER,Iran,4,4,1,0,2
PER,Iran,3,2,0,0,0
IRQ,Iraq,1,0,0,0,0
IRQ,Iraq,5,4,1,0,2
IRQ,Iraq,3,4,0,0,0
IRE,Ireland,6,4,0,0,0
IRE,Ireland,7,6,1,0,5
IRE,Ireland,6,4,0,0,3
ITA,Italy,6,6,0,0,1
ITA,Italy,3,0,0,0,0
ITA,Italy,5,6,0,4,0
ITA,Italy,6,6,1,0,2
ITA,Italy,1,0,0,0,0
ITA,Italy,2,0,0,0,0
ITA,Italy,5,1,0,0,0
ITA,Italy,3,0,0,0,0
ITA,Italy,7,8,0,0,1
ITA,Italy,4,2,0,0,0
ITA,Italy,2,6,0,0,0
ITA,Italy,8,6,1,0,4
ITA,Italy,0,0,0,0,0
ITA,Italy,8,10,7,0,3
ITA,Italy,7,10,7,2,1
ITA,Italy,5,4,0,0,1
ITA,Italy,5,6,0,1,1
ITA,Italy,1,0,0,0,0
ITA,Italy,3,2,0,0,0
ITA,Italy,6,4,0,0,1
ITA,Italy,3,4,0,0,0
ITA,Italy,1,0,0,0,0
ITA,Italy,8,8,1,3,1
ITA,Italy,6,8,2,1,4
ITA,Italy,5,0,0,0,0
JAP,Japan,3,1,0,0,0
JAP,Japan,7,8,2,2,2
JAP,Japan,5,5,0,0,1
JAP,Japan,5,4,1,0,1
JAP,Japan,3,2,0,0,0
JAP,Japan,4,6,2,0,2
JAP,Japan,3,1,0,0,0
JAP,Japan,8,10,2,2,4
JAP,Japan,8,12,2,4,5
JAP,Japan,3,8,1,1,2
JAP,Japan,3,0,0,0,0
JAP,Japan,7,8,2,4,2
JAP,Japan,3,0,0,0,0
JAP,Japan,3,1,0,0,0
JAP,Japan,3,4,0,0,1
JAP,Japan,3,1,0,0,0
JAP,Japan,3,1,0,0,0
JAP,Japan,3,1,0,0,0
JAP,Japan,3,8,1,0,2
JAP,Japan,4,4,1,1,0
JAP,Japan,3,2,0,0,0
JAP,Japan,5,5,1,0,0
JAP,Japan,3,8,1,0,2
JAP,Japan,7,8,1,1,2
GRE,KingdomofGreece,1,1,0,1,0
GRE,KingdomofGreece,4,6,0,1,3
GRE,KingdomofGreece,3,4,0,0,3
GRE,KingdomofGreece,3,4,0,0,0
GRE,KingdomofGreece,3,2,0,0,1
GRE,KingdomofGreece,3,4,1,0,0
GRE,KingdomofGreece,2,2,1,0,0
HUN,KingdomofHungary,6,6,1,0,3
HUN,KingdomofHungary,6,8,4,0,4
HUN,KingdomofHungary,6,6,1,0,3
LAT,Latvia,5,2,0,1,0
LAT,Latvia,5,6,1,0,4
LIB,Liberia,2,2,1,0,1
LIT,Lithuania,5,4,1,0,3
LIT,Lithuania,5,2,0,0,1
LIT,Lithuania,5,4,0,0,0
LUX,Luxembourg,6,4,1,0,3
MEN,Mengkukuo,1,2,0,0,0
MEN,Mengkukuo,3,1,0,0,1
MEX,Mexico,3,2,0,0,0
MEX,Mexico,3,2,0,0,0
MEX,Mexico,3,2,0,0,0
MEX,Mexico,4,5,1,0,1
MEX,Mexico,3,2,0,1,0
MEX,Mexico,3,2,0,0,1
MEX,Mexico,3,4,0,0,1
MEX,Mexico,5,6,2,0,4
MEX,Mexico,3,2,0,0,0
MEX,Mexico,3,2,0,0,0
MEX,Mexico,3,4,0,0,1
MEX,Mexico,4,4,0,1,0
MEX,Mexico,3,2,0,0,0
MON,Mongolia,2,4,1,0,3
NEP,Nepal,3,4,1,0,2
HOL,Netherlands,7,6,0,0,5
HOL,Netherlands,3,2,0,0,0
HOL,Netherlands,6,6,0,0,2
HOL,Netherlands,8,10,4,3,3
HOL,Netherlands,3,2,0,0,1
NZL,NewZealand,6,6,1,0,4
NZL,NewZealand,3,1,0,0,0
NZL,NewZealand,5,2,0,0,0
NIC,Nicaragua,4,4,1,0,2
NOR,Norway,3,2,0,0,0
NOR,Norway,4,2,0,0,1
NOR,Norway,5,4,0,0,2
NOR,Norway,6,6,2,1,3
OMA,Oman,2,2,1,0,1
PAN,Panama,4,4,1,0,2
PAR,Paraguay,2,1,0,0,0
PAR,Paraguay,4,4,1,0,3
PRU,Peru,3,2,0,0,1
PRU,Peru,3,8,1,0,6
PRU,Peru,3,1,0,0,0
PRU,Peru,3,1,0,0,1
PRU,Peru,3,2,0,0,0
PHI,Philippines,3,2,0,0,0
PHI,Philippines,3,4,0,0,1
PHI,Philippines,4,6,0,0,1
PHI,Philippines,5,4,1,0,3
PHI,Philippines,3,2,0,0,0
PHI,Philippines,3,2,0,0,0
PHI,Philippines,3,2,0,0,0
POL,Poland,5,2,0,0,1
POL,Poland,6,6,2,1,1
POL,Poland,6,6,0,0,1
POL,Poland,6,4,0,0,0
POL,Poland,6,8,1,0,3
POL,Poland,5,4,0,0,2
POL,Poland,6,6,0,0,3
POL,Poland,5,2,0,0,0
POL,Poland,3,2,0,0,0
POL,Poland,6,6,0,0,1
POL,Poland,6,2,0,0,0
POL,Poland,5,4,0,0,0
POL,Poland,7,8,6,0,2
POL,Poland,4,2,0,0,0
POL,Poland,5,2,0,0,1
POL,Poland,5,4,0,0,0
POL,Poland,6,4,0,0,2
POR,Portugal,3,1,0,0,0
POR,Portugal,5,2,0,0,3
POR,Portugal,3,1,0,0,0
POR,Portugal,5,0,0,0,0
POR,Portugal,4,4,0,0,2
POR,Portugal,6,6,2,2,2
POR,Portugal,4,0,0,0,0
POR,Portugal,3,1,0,0,0
POR,Portugal,3,2,0,0,1
POR,Portugal,1,2,0,0,0
POR,Portugal,5,5,0,1,2
POR,Portugal,2,0,0,0,0
POR,Portugal,3,1,0,0,0
POR,Portugal,6,2,0,0,2
POR,Portugal,2,0,0,0,0
POR,Portugal,1,2,0,0,0
MAN,Manchukuo,4,1,0,0,0
MAN,Manchukuo,4,1,0,0,0
MAN,Manchukuo,4,1,0,0,0
MAN,Manchukuo,4,2,0,0,0
MAN,Manchukuo,3,4,1,0,1
MAN,Manchukuo,4,6,2,0,1
MAN,Manchukuo,3,1,0,0,0
MAL,BritishMalaya,3,2,0,0,0
MAL,BritishMalaya,3,5,0,0,1
ROM,Romania,5,2,0,0,2
ROM,Romania,4,4,0,0,0
ROM,Romania,6,2,1,0,0
ROM,Romania,5,4,1,0,1
ROM,Romania,5,2,0,0,2
ROM,Romania,5,2,0,0,1
ROM,Romania,6,6,4,1,1
ROM,Romania,4,4,0,0,1
ROM,Romania,5,2,0,0,2
ROM,Romania,4,2,0,1,0
ROM,Romania,4,4,1,0,1
SAU,SaudiArabia,3,1,0,0,0
SAU,SaudiArabia,1,2,1,0,1
SAU,SaudiArabia,0,0,0,0,0
SHX,Shanxi,2,1,0,0,0
SHX,Shanxi,3,4,2,0,2
SHX,Shanxi,2,1,0,0,1
SIA,Siam,3,2,0,0,0
SIA,Siam,3,6,1,0,5
SIK,Sinkiang,3,2,1,0,0
SIK,Sinkiang,3,1,0,0,1
SIK,Sinkiang,1,0,0,0,0
SIK,Sinkiang,1,0,0,0,0
SIK,Sinkiang,3,2,0,0,2
SIK,Sinkiang,3,1,0,0,1
SAF,SouthAfrica,5,4,0,0,2
SAF,SouthAfrica,5,6,0,0,2
SAF,SouthAfrica,3,0,0,0,0
SAF,SouthAfrica,5,6,1,0,5
SOV,SovietUnion,3,2,0,0,0
SOV,SovietUnion,4,1,0,0,0
SOV,SovietUnion,3,6,0,0,3
SOV,SovietUnion,3,2,1,0,0
SOV,SovietUnion,2,4,0,0,1
SOV,SovietUnion,3,4,0,0,2
SOV,SovietUnion,2,1,0,0,1
SOV,SovietUnion,3,2,0,0,0
SOV,SovietUnion,3,1,0,0,1
SOV,SovietUnion,4,5,0,0,1
SOV,SovietUnion,2,5,0,0,1
SOV,SovietUnion,5,4,0,0,0
SOV,SovietUnion,3,1,0,0,0
SOV,SovietUnion,5,2,0,0,0
SOV,SovietUnion,1,2,0,0,0
SOV,SovietUnion,3,2,0,0,0
SOV,SovietUnion,5,4,0,0,0
SOV,SovietUnion,3,2,0,0,0
SOV,SovietUnion,4,4,0,0,0
SOV,SovietUnion,6,4,0,0,1
SOV,SovietUnion,5,5,0,0,1
SOV,SovietUnion,5,6,0,0,0
SOV,SovietUnion,3,2,0,0,0
SOV,SovietUnion,5,6,0,1,0
SOV,SovietUnion,5,4,0,0,2
SOV,SovietUnion,2,2,0,0,0
SOV,SovietUnion,4,2,0,0,0
SOV,SovietUnion,3,4,0,0,2
SOV,SovietUnion,5,2,0,0,0
SOV,SovietUnion,5,6,2,0,0
SOV,SovietUnion,1,0,0,0,0
SOV,SovietUnion,4,2,0,0,0
SOV,SovietUnion,1,0,0,0,0
SOV,SovietUnion,4,2,1,0,0
SOV,SovietUnion,5,4,0,0,0
SOV,SovietUnion,3,2,0,0,0
SOV,SovietUnion,5,4,0,0,0
SOV,SovietUnion,5,4,0,0,0
SOV,SovietUnion,2,0,0,0,0
SOV,SovietUnion,6,4,1,0,0
SOV,SovietUnion,3,4,0,0,1
SOV,SovietUnion,3,2,0,0,1
SOV,SovietUnion,7,6,1,0,0
SOV,SovietUnion,5,2,0,0,0
SOV,SovietUnion,5,4,0,0,1
SOV,SovietUnion,7,6,2,0,3
SOV,SovietUnion,1,0,0,0,0
SOV,SovietUnion,4,4,0,0,0
SOV,SovietUnion,5,6,0,0,1
SOV,SovietUnion,3,4,0,0,0
SOV,SovietUnion,5,4,2,0,0
SOV,SovietUnion,5,6,0,0,0
SOV,SovietUnion,4,2,0,0,0
SOV,SovietUnion,1,0,0,0,0
SOV,SovietUnion,7,10,6,3,1
SOV,SovietUnion,5,4,0,0,0
SOV,SovietUnion,5,2,0,0,0
SOV,SovietUnion,5,2,0,0,0
SOV,SovietUnion,5,2,0,0,0
SOV,SovietUnion,5,2,0,0,0
SOV,SovietUnion,5,6,0,0,2
SOV,SovietUnion,8,12,7,0,3
SOV,SovietUnion,3,2,0,0,0
SOV,SovietUnion,2,2,0,0,0
SOV,SovietUnion,5,2,0,1,0
SOV,SovietUnion,5,2,0,0,0
SOV,SovietUnion,3,2,0,0,0
SOV,SovietUnion,3,1,0,0,0
SOV,SovietUnion,1,0,0,0,0
SOV,SovietUnion,1,0,0,0,0
SOV,SovietUnion,1,0,0,0,0
SOV,SovietUnion,5,4,0,0,0
SOV,SovietUnion,4,4,0,0,2
SOV,SovietUnion,5,6,0,0,1
SOV,SovietUnion,1,0,0,0,0
SOV,SovietUnion,4,2,0,0,0
SOV,SovietUnion,4,4,1,0,0
SOV,SovietUnion,3,2,0,0,0
SOV,SovietUnion,5,2,0,0,1
SOV,SovietUnion,4,6,0,0,0
SOV,SovietUnion,1,0,0,0,0
SOV,SovietUnion,1,2,0,0,0
SOV,SovietUnion,4,4,0,0,0
SOV,SovietUnion,6,2,1,0,0
SOV,SovietUnion,5,2,0,0,0
SOV,SovietUnion,6,4,0,0,0
SOV,SovietUnion,5,2,0,0,0
SOV,SovietUnion,5,6,1,0,1
SOV,SovietUnion,5,4,0,0,0
SOV,SovietUnion,5,2,0,0,0
SOV,SovietUnion,1,0,0,0,0
SOV,SovietUnion,6,4,0,0,1
SOV,SovietUnion,4,2,0,0,0
SOV,SovietUnion,5,5,0,0,1
SOV,SovietUnion,1,0,0,0,0
SOV,SovietUnion,7,6,1,0,1
SOV,SovietUnion,5,6,0,0,0
SOV,SovietUnion,4,2,0,0,0
SOV,SovietUnion,5,4,0,0,0
SOV,SovietUnion,1,0,0,0,0
SOV,SovietUnion,6,6,2,0,1
SOV,SovietUnion,2,0,0,0,0
SOV,SovietUnion,4,2,0,0,0
SOV,SovietUnion,5,6,0,0,3
SOV,SovietUnion,4,2,0,0,0
SOV,SovietUnion,1,0,0,0,0
SOV,SovietUnion,3,2,0,0,0
SOV,SovietUnion,5,4,2,0,0
SOV,SovietUnion,3,2,0,0,0
SOV,SovietUnion,5,6,0,0,1
SOV,SovietUnion,4,2,0,0,0
SOV,SovietUnion,4,4,0,0,1
SOV,SovietUnion,3,2,0,0,0
SOV,SovietUnion,3,2,0,0,0
SOV,SovietUnion,1,2,0,0,0
SOV,SovietUnion,5,5,0,0,0
SOV,SovietUnion,5,4,0,0,0
SOV,SovietUnion,4,4,0,1,0
SOV,SovietUnion,4,2,0,0,0
SOV,SovietUnion,5,2,0,0,0
SOV,SovietUnion,3,4,0,0,0
SOV,SovietUnion,5,4,1,0,0
SOV,SovietUnion,5,4,0,0,0
SOV,SovietUnion,2,0,0,0,0
SOV,SovietUnion,5,5,0,0,1
SOV,SovietUnion,1,0,0,0,0
SOV,SovietUnion,5,4,0,0,0
SOV,SovietUnion,5,4,0,0,0
SOV,SovietUnion,4,1,0,0,0
SPR,Spain,6,5,1,0,1
SPR,Spain,6,2,0,0,1
SPR,Spain,7,8,1,0,1
SPR,Spain,6,2,0,0,1
SPR,Spain,6,4,0,0,1
SPR,Spain,6,1,0,0,0
SPR,Spain,2,0,0,0,0
SPR,Spain,5,4,0,0,1
SPR,Spain,6,6,1,2,0
SPR,Spain,6,6,0,0,2
SPR,Spain,6,2,0,0,1
SPR,Spain,6,2,0,0,0
SPR,Spain,3,1,0,0,0
SPR,Spain,6,2,0,0,1
SPR,Spain,6,6,2,0,2
SPR,Spain,5,4,0,1,0
SPR,Spain,6,1,0,0,0
SPR,Spain,6,4,1,0,1
SPR,Spain,1,0,0,0,0
SPR,Spain,5,1,0,0,0
SPR,Spain,6,5,1,0,1
SPR,Spain,1,1,0,0,0
SPR,Spain,3,2,0,0,0
SPR,Spain,6,5,0,1,0
SPR,Spain,6,2,0,0,1
SPR,Spain,6,4,0,0,1
SWE,Sweden,6,1,0,0,0
SWE,Sweden,4,2,0,0,1
SWE,Sweden,4,4,0,0,1
SWE,Sweden,5,6,0,1,1
SWE,Sweden,5,4,0,0,2
SWE,Sweden,7,6,2,1,3
SWE,Sweden,6,6,1,1,1
SWI,Switzerland,6,6,0,0,3
SWI,Switzerland,6,8,4,0,4
TAN,TannuTuva,2,2,1,0,1
TIB,Tibet,1,1,0,0,1
TIB,Tibet,1,1,0,0,0
TIB,Tibet,1,2,1,0,1
TUR,Turkey,3,2,0,0,1
TUR,Turkey,3,2,0,0,0
TUR,Turkey,4,4,2,0,2
TUR,Turkey,3,2,0,0,1
TUR,Turkey,4,4,0,1,1
TUR,Turkey,3,4,0,0,0
TUR,Turkey,3,4,0,0,1
TUR,Turkey,2,2,0,0,0
TUR,Turkey,5,6,2,0,2
TUR,Turkey,4,5,0,0,1
TUR,Turkey,3,2,0,0,1
TUR,Turkey,3,2,0,0,0
TUR,Turkey,3,2,0,0,0
TUR,Turkey,3,2,0,0,0
TUR,Turkey,4,4,0,0,1
TUR,Turkey,3,2,0,0,0
TUR,Turkey,3,2,0,0,0
TUR,Turkey,3,2,0,0,0
TUR,Turkey,4,4,0,0,0
TUR,Turkey,2,2,0,0,0
TUR,Turkey,2,2,0,0,0
ENG,UnitedKingdom,6,4,0,2,0
ENG,UnitedKingdom,2,1,0,0,0
ENG,UnitedKingdom,3,1,0,0,0
ENG,UnitedKingdom,5,4,0,0,1
ENG,UnitedKingdom,3,1,0,0,0
ENG,UnitedKingdom,1,0,0,0,0
ENG,UnitedKingdom,4,2,0,0,0
ENG,UnitedKingdom,1,0,0,0,0
ENG,UnitedKingdom,4,1,0,0,0
ENG,UnitedKingdom,2,1,0,0,0
ENG,UnitedKingdom,4,1,0,0,0
ENG,UnitedKingdom,3,0,0,0,0
ENG,UnitedKingdom,5,4,0,0,1
ENG,UnitedKingdom,3,2,0,0,1
ENG,UnitedKingdom,3,0,0,0,0
ENG,UnitedKingdom,3,0,0,0,0
ENG,UnitedKingdom,4,2,0,0,0
ENG,UnitedKingdom,3,0,0,0,0
ENG,UnitedKingdom,7,6,1,0,3
ENG,UnitedKingdom,8,6,2,0,1
ENG,UnitedKingdom,1,0,0,0,0
ENG,UnitedKingdom,3,1,0,0,0
ENG,UnitedKingdom,2,0,0,0,0
ENG,UnitedKingdom,3,1,0,0,0
ENG,UnitedKingdom,3,0,0,0,0
ENG,UnitedKingdom,3,2,0,0,0
ENG,UnitedKingdom,6,0,0,0,0
ENG,UnitedKingdom,3,1,0,0,0
ENG,UnitedKingdom,7,6,1,0,1
ENG,UnitedKingdom,9,12,3,1,3
ENG,UnitedKingdom,5,5,0,0,0
ENG,UnitedKingdom,4,4,0,0,0
ENG,UnitedKingdom,3,2,0,0,1
ENG,UnitedKingdom,3,2,0,0,1
ENG,UnitedKingdom,2,2,0,0,1
ENG,UnitedKingdom,4,2,0,0,0
ENG,UnitedKingdom,1,0,0,0,0
ENG,UnitedKingdom,7,6,0,4,1
ENG,UnitedKingdom,8,10,1,3,1
ENG,UnitedKingdom,4,0,0,0,0
ENG,UnitedKingdom,7,6,0,1,1
ENG,UnitedKingdom,3,1,0,0,0
ENG,UnitedKingdom,3,0,0,0,0
ENG,UnitedKingdom,3,1,0,0,0
ENG,UnitedKingdom,3,0,0,0,0
ENG,UnitedKingdom,3,1,0,0,0
ENG,UnitedKingdom,3,0,0,0,0
ENG,UnitedKingdom,3,2,0,0,1
ENG,UnitedKingdom,3,2,0,0,1
ENG,UnitedKingdom,0,0,0,0,0
ENG,UnitedKingdom,4,0,0,0,0
ENG,UnitedKingdom,6,6,0,4,1
ENG,UnitedKingdom,6,6,1,2,2
ENG,UnitedKingdom,5,2,0,0,1
ENG,UnitedKingdom,1,0,0,0,0
ENG,UnitedKingdom,2,1,0,0,0
ENG,UnitedKingdom,3,1,0,0,0
ENG,UnitedKingdom,1,0,0,0,0
ENG,UnitedKingdom,4,2,0,0,1
ENG,UnitedKingdom,3,1,0,0,0
ENG,UnitedKingdom,3,1,0,0,0
ENG,UnitedKingdom,2,0,0,0,0
ENG,UnitedKingdom,1,0,0,0,0
ENG,UnitedKingdom,7,4,0,0,1
ENG,UnitedKingdom,4,0,0,0,0
ENG,UnitedKingdom,3,2,0,0,0
ENG,UnitedKingdom,8,8,1,2,1
ENG,UnitedKingdom,3,2,0,0,0
ENG,UnitedKingdom,3,2,0,0,0
ENG,UnitedKingdom,3,2,0,0,0
ENG,UnitedKingdom,5,6,0,0,1
ENG,UnitedKingdom,8,10,2,0,3
ENG,UnitedKingdom,0,0,0,0,0
ENG,UnitedKingdom,4,1,0,0,0
ENG,UnitedKingdom,7,10,2,0,3
ENG,UnitedKingdom,3,2,0,0,0
USA,UnitedStates,5,6,0,0,3
USA,UnitedStates,2,2,0,0,0
USA,UnitedStates,4,2,0,0,1
USA,UnitedStates,4,4,0,0,2
USA,UnitedStates,1,0,0,0,0
USA,UnitedStates,6,10,2,2,6
USA,UnitedStates,4,4,0,0,1
USA,UnitedStates,4,6,0,0,3
USA,UnitedStates,6,6,0,0,3
USA,UnitedStates,5,1,0,0,0
USA,UnitedStates,3,4,0,0,0
USA,UnitedStates,4,2,0,0,0
USA,UnitedStates,7,12,1,0,11
USA,UnitedStates,6,8,0,0,5
USA,UnitedStates,6,6,0,0,4
USA,UnitedStates,1,0,0,0,0
USA,UnitedStates,4,6,1,0,1
USA,UnitedStates,5,6,0,0,3
USA,UnitedStates,1,1,0,0,0
USA,UnitedStates,5,6,0,0,2
USA,UnitedStates,7,6,0,1,5
USA,UnitedStates,6,10,1,0,6
USA,UnitedStates,3,0,0,0,0
USA,UnitedStates,6,6,0,0,3
USA,UnitedStates,4,6,0,0,1
USA,UnitedStates,5,8,0,0,5
USA,UnitedStates,4,2,0,0,0
USA,UnitedStates,4,5,0,0,1
USA,UnitedStates,4,2,0,0,0
USA,UnitedStates,7,10,1,4,5
USA,UnitedStates,7,8,0,0,7
USA,UnitedStates,4,2,0,0,1
USA,UnitedStates,8,12,2,3,7
USA,UnitedStates,6,6,0,0,3
USA,UnitedStates,4,2,0,0,1
USA,UnitedStates,7,10,1,0,6
USA,UnitedStates,4,6,0,0,2
USA,UnitedStates,5,4,0,0,1
USA,UnitedStates,4,0,0,0,0
USA,UnitedStates,8,12,0,7,5
USA,UnitedStates,3,0,0,0,0
USA,UnitedStates,4,2,0,0,1
USA,UnitedStates,5,6,0,0,2
USA,UnitedStates,4,2,0,0,1
USA,UnitedStates,5,6,0,0,3
USA,UnitedStates,6,10,0,0,9
USA,UnitedStates,4,2,0,0,1
USA,UnitedStates,6,8,0,4,3
USA,UnitedStates,3,0,0,0,0
USA,UnitedStates,6,5,1,1,1
USA,UnitedStates,6,6,0,0,3
USA,UnitedStates,3,2,0,0,0
URG,Uruguay,5,8,1,1,6
VEN,Venezuela,1,1,0,0,0
VEN,Venezuela,4,6,1,0,5
VEN,Venezuela,4,4,0,0,2
XSM,XibeiSanMa,3,2,0,0,0
XSM,XibeiSanMa,3,2,0,0,1
XSM,XibeiSanMa,1,2,1,0,1
XSM,XibeiSanMa,1,1,0,0,1
XSM,XibeiSanMa,1,0,0,0,0
XSM,XibeiSanMa,2,1,0,0,0
XSM,XibeiSanMa,1,2,0,0,2
YEM,Yemen,3,2,1,0,1
YUG,Yugoslavia,5,4,0,0,2
YUG,Yugoslavia,6,5,0,0,3
YUG,Yugoslavia,5,5,0,1,3
YUG,Yugoslavia,3,4,0,0,0
YUG,Yugoslavia,2,1,0,0,0
YUG,Yugoslavia,4,2,0,0,1
YUG,Yugoslavia,3,2,0,0,1
YUG,Yugoslavia,4,4,0,0,0
YUG,Yugoslavia,6,8,3,0,4
YUG,Yugoslavia,6,5,0,0,0
YUG,Yugoslavia,4,1,0,0,0
YUG,Yugoslavia,6,4,0,0,0
YUG,Yugoslavia,6,2,0,0,0
YUN,Yunnan,3,1,0,0,0
YUN,Yunnan,3,4,1,0,3
0,0,0,0,0,0,0
AFG,Afghanistan,0,0,1,0,2
ALB,Albania,0,0,1,0,2
ARG,Argentina,0,0,3,1,12
AST,Australia,0,0,4,2,11
AUS,Austria,0,0,3,0,9
BEL,Belgium,0,0,6,0,12
BHU,Bhutan,0,0,1,0,2
BOL,Bolivia,0,0,1,0,6
BRA,Brazil,0,0,3,2,18
BUL,Bulgaria,0,0,3,0,11
CAN,DominionofCanada,0,0,5,1,13
CHL,Chile,0,0,1,0,9
CHI,China,0,0,11,1,20
COL,Colombia,0,0,1,0,7
PRC,CommunistChina,0,0,3,0,3
COS,CostaRica,0,0,1,0,2
CUB,Cuba,0,0,1,0,3
CZE,Czechoslovakia,0,0,9,0,16
DEN,Denmark,0,0,2,2,7
DOM,DominicanRepublic,0,0,1,0,3
ECU,Ecuador,0,0,1,0,4
ELS,ElSalvador,0,0,1,0,2
EST,Estonia,0,0,1,0,3
ETH,Ethiopia,0,0,2,0,2
FIN,Finland,0,0,3,1,7
FRA,France,0,0,8,10,35
GER,GermanReich,0,0,28,10,32
GXC,GuangxiClique,0,0,3,0,6
GUA,Guatemala,0,0,1,0,2
HAI,Haiti,0,0,1,0,2
HON,Honduras,0,0,1,0,2
RAJ,BritishRaj,0,0,2,1,14
INS,DutchEastIndies,0,0,0,1,2
PER,Iran,0,0,1,0,4
IRQ,Iraq,0,0,1,0,2
IRE,Ireland,0,0,1,0,8
ITA,Italy,0,0,19,11,20
JAP,Japan,0,0,17,15,26
GRE,KingdomofGreece,0,0,2,2,7
HUN,KingdomofHungary,0,0,6,0,10
LAT,Latvia,0,0,1,1,4
LIB,Liberia,0,0,1,0,1
LIT,Lithuania,0,0,1,0,4
LUX,Luxembourg,0,0,1,0,3
MEN,Mengkukuo,0,0,0,0,1
MEX,Mexico,0,0,3,2,8
MON,Mongolia,0,0,1,0,3
NEP,Nepal,0,0,1,0,2
HOL,Netherlands,0,0,4,3,11
NZL,NewZealand,0,0,1,0,4
NIC,Nicaragua,0,0,1,0,2
NOR,Norway,0,0,2,1,6
OMA,Oman,0,0,1,0,1
PAN,Panama,0,0,1,0,2
PAR,Paraguay,0,0,1,0,3
PRU,Peru,0,0,1,0,8
PHI,Philippines,0,0,1,0,5
POL,Poland,0,0,9,1,17
POR,Portugal,0,0,2,3,12
MAN,Manchukuo,0,0,3,0,2
MAL,BritishMalaya,0,0,0,0,1
ROM,Romania,0,0,7,2,11
SAU,SaudiArabia,0,0,1,0,1
SHX,Shanxi,0,0,2,0,3
SIA,Siam,0,0,1,0,5
SIK,Sinkiang,0,0,1,0,4
SAF,SouthAfrica,0,0,1,0,9
SOV,SovietUnion,0,0,32,6,44
SPR,Spain,0,0,7,4,16
SWE,Sweden,0,0,3,3,9
SWI,Switzerland,0,0,4,0,7
TAN,TannuTuva,0,0,1,0,1
TIB,Tibet,0,0,1,0,2
TUR,Turkey,0,0,4,1,11
ENG,UnitedKingdom,0,0,14,19,33
USA,UnitedStates,0,0,10,22,128
URG,Uruguay,0,0,1,1,6
VEN,Venezuela,0,0,1,0,7
XSM,XibeiSanMa,0,0,1,0,5
YEM,Yemen,0,0,1,0,1
YUG,Yugoslavia,0,0,3,1,14
YUN,Yunnan,0,0,1,0,3
0,Totals82countries,0,0,293,130,778
0,YellowmeansrevisionfrompreviousversionofHOI4,0,0,0,0,0
